Country Name,Country Code,Indicator Name,Indicator Code,1990,1991,1992,1993,1994,1995,1996,1997,1998,1999,2000,2001,2002,2003,2004,2005,2006,2007,2008,2009,2010,2011,2012,2013,2014,2015,2016,2017,2018,2019,2020,2021,2022,2023
Cameroon,CMR,Age dependency ratio (% of working-age population),SP.POP.DPND,99.222559129089,99.1518723262906,98.9806477701929,98.6382657534088,98.14460065487252,97.51612639262048,96.68769838657438,95.68430127726238,94.7328945868538,93.93393839248807,93.17379983937408,92.34897966209276,91.4731847916586,90.69035299392895,90.06519125020897,89.5663529097767,89.14183972653849,88.70664217752619,88.28829778617451,87.94344226050822,87.64995940847912,87.39238321425901,87.1152204457813,86.74010555229282,86.0043368057403,85.20322843149395,84.72873164992484,84.45293502033839,84.12266747659794,83.58064134660431,82.88431226568666,82.08936503576739,81.22958666221038,80.29516040714506
Cameroon,CMR,"Fertility rate, total (births per woman)",SP.DYN.TFRT.IN,6.362,6.324,6.256,6.155,6.043,5.919,5.795,5.706,5.656,5.604,5.514,5.441,5.435,5.432,5.436,5.421,5.369,5.343,5.294,5.236,5.154,5.052,4.982,4.905,4.844,4.841,4.842,4.804,4.74,4.651,4.557,4.468,4.397,4.322
Cameroon,CMR,Population density (people per sq. km of land area),EN.POP.DNST,23.97203570899706,24.681474900044424,25.39898246282076,26.132578113431062,26.87673838082545,27.62479321359819,28.37840748027332,29.14094053436568,29.92291256795921,30.727380423515477,31.54710287491274,32.38664297349326,33.26675551606694,34.186583740559755,35.13885257345942,36.12065325463815,37.12721753294832,38.18386748746589,39.29270800279241,40.43488396691418,41.60704448816399,42.80066848596391,44.0217659876034,45.27591123521821,46.6668634046244,48.155135283789214,49.61638425250153,51.043136383829406,52.47695838886421,53.95717247360961,55.44743711789469,56.93926085760826,58.456074548877744,60.02133866429735
Cameroon,CMR,Population growth (annual %),SP.POP.GROW,2.94699987458872,2.91649859858171,2.86561545097735,2.84736268467474,2.8078428743676,2.74525060356896,2.69148816728723,2.65155206464138,2.64804169057659,2.65296340314705,2.63276307164066,2.62643255915311,2.68124815756453,2.72747133462562,2.74741504067453,2.75573848394242,2.74855128044116,2.80627824632764,2.86258453269924,2.86539222671372,2.85766146651935,2.82842297078772,2.8130471843416,2.80909371019789,3.02592195035823,3.13934346036401,2.98933225067819,2.83499798189177,2.77030987519388,2.78164441246944,2.7244863481235,2.65496076580698,2.62905090961273,2.64245336134821
Cameroon,CMR,"Population, total",SP.POP.TOTL,11331821.0,11667180.0,12006353.0,12353131.0,12704903.0,13058516.0,13414757.0,13775214.0,14144860.0,14525140.0,14912631.0,15309490.0,15725528.0,16160340.0,16610487.0,17074594.0,17550407.0,18049896.0,18574056.0,19113974.0,19668066.0,20232304.0,20809529.0,21402376.0,22059893.0,22763414.0,23454161.0,24128601.0,24806383.0,25506095.0,26210558.0,26915758.0,27632771.0,28372687.0
Cameroon,CMR,Urban population (% of total population),SP.URB.TOTL.IN.ZS,40.0887363273593,40.770166213607,41.4395077111738,42.0958101970685,42.7381230483001,43.3654956418773,43.9769773548092,44.5716175641045,45.1484656467721,45.7065709798209,46.2449829402599,46.7627509050978,47.2589242513436,47.7325523560061,48.1826845960942,48.5837852394685,49.2044173412861,49.7027028593758,50.0858325268669,50.4714131335678,50.8505075371362,51.2229843034125,51.5887119982861,51.9475591877024,52.2993944376709,52.6440863142742,52.9815033836792,53.3115142121504,53.6339873660653,53.9487914119331,54.2557949164174,54.5548664463635,54.8458745688318,55.1286878511388
"Congo, Dem. Rep.",COD,Age dependency ratio (% of working-age population),SP.POP.DPND,89.53522358106774,89.73062883255119,89.94242207472077,90.00520388260583,88.7095935203807,88.36899949763975,90.84353784087604,93.50100485796604,94.44935662979546,94.44459307715142,94.64734692943192,94.82708581650829,95.0615717200852,95.39737868758978,95.65053342799531,95.74576017907876,95.89958250406232,96.20538694865652,96.5494225889886,96.8001418126445,96.75622590642962,96.51439431317038,96.4314424412382,96.45487492186714,96.48496668990806,96.52781871996248,96.19789360558488,95.79763130082124,95.94153874120164,96.35179731796558,96.61302060794942,96.7262299524834,96.7658121576433,96.6825341170883
"Congo, Dem. Rep.",COD,"Fertility rate, total (births per woman)",SP.DYN.TFRT.IN,6.649,6.645,6.639,6.641,6.643,6.676,6.672,6.69,6.7,6.692,6.702,6.663,6.606,6.549,6.53,6.526,6.547,6.559,6.58,6.591,6.587,6.582,6.559,6.527,6.483,6.437,6.392,6.349,6.302,6.253,6.206,6.156,6.106,6.051
"Congo, Dem. Rep.",COD,Population density (people per sq. km of land area),EN.POP.DNST,16.181408879380694,16.729148893937055,17.30394565624931,17.933585937672305,18.802794821464012,19.5997900355087,19.9802051123707,20.30387596215346,20.863059923689377,21.575603096535144,22.278927240246134,22.99580776780397,23.709456783044043,24.41228336384288,25.14181028208465,25.92608191261772,26.73779052072076,27.559053395381664,28.40284246046625,29.29447696345471,30.243284444542468,31.251763745837103,32.312749167420215,33.43084404843299,34.583816854502544,35.744924461304336,37.03333186299376,38.41264991949891,39.72018438058269,40.99929070818906,42.34136785690655,43.73477955933923,45.16749432081339,46.6640484329856
"Congo, Dem. Rep.",COD,Population growth (annual %),SP.POP.GROW,3.31797538712724,3.32896574554935,3.37819074562411,3.57407160295395,4.73302553589306,4.15133342018812,1.92231853470865,1.60697628662433,2.7168325472246,3.35830626776397,3.20780748301006,3.1670663452371,3.05620605844951,2.92124332432638,2.94457864295254,3.07172770424984,3.08284543640824,3.02531584938763,3.01581282864875,3.09097719189927,3.18751592835336,3.28016564590395,3.33860489598034,3.40170849300578,3.39069033335839,3.3022434270539,3.54100823238224,3.65684620577994,3.34726508426912,3.1695285579572,3.22098049233111,3.23790848096045,3.2234019442495,3.25963514299902
"Congo, Dem. Rep.",COD,"Population, total",SP.POP.TOTL,36684063.0,37925817.0,39228910.0,40656336.0,42626876.0,44433704.0,45296124.0,46029902.0,47297600.0,48912971.0,50507442.0,52132646.0,53750524.0,55343867.0,56997741.0,58775724.0,60615908.0,62477752.0,64390664.0,66412044.0,68563038.0,70849311.0,73254618.0,75789395.0,78403242.0,81035531.0,83956415.0,87083398.0,90047644.0,92947442.0,95989998.0,99148932.0,102396968.0,105789731.0
"Congo, Dem. Rep.",COD,Urban population (% of total population),SP.URB.TOTL.IN.ZS,30.2744748770515,30.6864874331592,31.1112109993961,31.5480979038271,31.9966004745173,32.4561710395319,32.9262619269359,33.4063254647945,33.8958139811728,34.3941798041357,34.9008752617485,35.4153526820763,35.937064393184,36.4654627231369,37.0,37.4018738621901,37.8024827128113,38.201781337298,38.5997245210844,38.9962670496049,39.391363708294,39.7849692825859,40.1770385579151,40.5675263197158,40.9563873534225,41.3435764444694,41.7290483782911,42.1127579403217,42.4946599159958,42.8747090907476,43.2528602500115,43.6290681792218,44.003287663813,44.3754734892194
"Egypt, Arab Rep.",EGY,Age dependency ratio (% of working-age population),SP.POP.DPND,81.24112480036717,80.31341416042953,79.48940133452501,78.47369835676339,77.3905241296368,76.19058954398248,74.95366777176325,73.70847554723822,72.33131083130124,70.86955005190283,69.39345498487836,67.94024225435774,66.56014619707243,65.20380923732178,63.911703773231466,62.78035684103479,61.8838704393503,61.26571547653599,60.90755683073419,60.759536578054174,60.81639187848669,60.9062133572649,61.04069373013223,61.26146321098804,61.5419614141439,61.97786562185336,62.335350210571264,62.52503991732318,62.48360244223636,62.168205937775525,61.72155271332552,61.11556544804439,60.4614725337186,59.75667103570471
"Egypt, Arab Rep.",EGY,"Fertility rate, total (births per woman)",SP.DYN.TFRT.IN,4.512,4.315,4.149,3.993,3.865,3.764,3.7,3.682,3.681,3.599,3.505,3.46,3.412,3.352,3.283,3.254,3.223,3.237,3.238,3.259,3.296,3.311,3.4,3.49,3.49,3.5,3.35,3.31,3.02,2.87,2.85,2.75,2.75,2.75
"Egypt, Arab Rep.",EGY,Population density (people per sq. km of land area),EN.POP.DNST,58.66353709377668,60.30337736701994,61.761675624089605,63.20325581395349,64.57942538550404,65.95270681601286,67.33441960922195,68.74452760058266,70.26299060726305,71.84786177105832,73.41733286453363,74.99324827967251,76.58761062835903,78.20940077351952,79.84071826811994,81.47170023607414,83.07840976442814,84.6614345270983,86.25725953086544,87.90158822643026,89.60376914963082,91.50942689236024,93.58682103571248,95.7693033301522,97.9744376914963,100.05258124466322,102.10918579536892,104.17003063940932,106.16514541162287,108.04476166557838,109.81478125470892,111.46416997337889,113.1330051735396,115.05929177758804
"Egypt, Arab Rep.",EGY,Population growth (annual %),SP.POP.GROW,2.92960944817985,2.7569751613283,2.3894924999556,2.30727793019304,2.15400517051219,2.10420542038277,2.07336196347662,2.07255934283796,2.18480759530922,2.23056416641405,2.16091978529782,2.12380362345226,2.10372359745955,2.09545323003183,2.06437734857129,2.02220952721924,1.95291342300488,1.88753217077119,1.86740413264217,1.88836522446639,1.91795124102801,2.1044607622412,2.24475795490011,2.30526364315625,2.27643956620182,2.09892554805563,2.03468294927084,1.99817843887244,1.89713831833082,1.75497438173801,1.62495386951696,1.4908053906311,1.48609697540294,1.68834126904494
"Egypt, Arab Rep.",EGY,"Population, total",SP.POP.TOTL,58396618.0,60028997.0,61480660.0,62915681.0,64285589.0,65652622.0,67028048.0,68431740.0,69943294.0,71520954.0,73083284.0,74652029.0,76239137.0,77853548.0,79477443.0,81101004.0,82700403.0,84276225.0,85864789.0,87501636.0,89196072.0,91093059.0,93161001.0,95333553.0,97528654.0,99597342.0,101644589.0,103696057.0,105682094.0,107553158.0,109315124.0,110957008.0,112618250.0,114535772.0
"Egypt, Arab Rep.",EGY,Urban population (% of total population),SP.URB.TOTL.IN.ZS,43.5688827270165,43.3758077989551,43.1765905116707,42.9872125093605,42.823655436222,42.7019009364527,42.6396966117235,42.6357980293511,42.6559554142127,42.6900387539957,42.7339398932519,42.7835506765333,42.8347629483917,42.8834685533792,42.9255593360476,42.9569271409488,42.9729991680104,42.9729666344509,42.9608989120873,42.9383470624904,42.9057175520154,42.8634168470177,42.8118514138525,42.7514277188751,42.6825522284408,42.6056314089048,42.5210717266225,42.4486008687179,42.4577177449969,42.4812027332648,42.5181534630674,42.5686062621468,42.6325129008032,42.7098115041919
Ethiopia,ETH,Age dependency ratio (% of working-age population),SP.POP.DPND,95.88675605336805,95.8232624599868,95.89263788929054,96.47872204176448,97.07303624224052,97.62123966875444,98.24300772238396,99.09246808133564,100.04791916745546,100.86943325619384,101.46430009786984,101.75411533297644,101.6743906822629,101.34073968549764,100.86532623213476,100.27472026184728,99.50057795809236,98.45154800782178,97.17303467086398,95.68891586295716,93.99875555063775,92.16596171409202,90.2361319500354,88.27615481889886,86.33465985832571,84.45717950959676,82.66224257672395,80.98542605512962,79.51791957329529,78.2497670217938,77.05321019228887,75.92750654330703,74.91758521765082,74.02486571566416
Ethiopia,ETH,"Fertility rate, total (births per woman)",SP.DYN.TFRT.IN,7.196,7.161,7.125,7.088,7.051,6.998,6.928,6.869,6.792,6.721,6.654,6.579,6.499,6.4,6.301,6.194,6.047,5.887,5.695,5.488,5.282,5.08,4.887,4.708,4.605,4.529,4.473,4.401,4.371,4.347,4.274,4.177,4.082,3.989
Ethiopia,ETH,Population density (people per sq. km of land area),EN.POP.DNST,53.708891,53.708891,53.708891,53.708891,55.611508,57.537335,59.467635,61.404539,63.363524,65.374561,67.411494,69.487762,71.635517,73.832663,67.40863725263209,69.43778476657536,71.50677486316836,73.63186220618392,75.7983969601131,77.98026313574317,80.22403021165704,82.53767959261195,84.88418077869567,87.22415785398204,89.59874024656496,92.0367822337439,94.56147997644784,97.17443525903262,99.82988253895624,102.55215954974562,105.37009089544534,108.2303782985215,111.10715137667846,114.03795201200036
Ethiopia,ETH,Population growth (annual %),SP.POP.GROW,3.70151417338649,4.33132322477119,4.20762887536633,3.51513575633339,3.48116024765652,3.40438831875411,3.2998173533243,3.20515425246965,3.14046071441714,3.12448426110007,3.06823302462214,3.03351132311934,3.04403477269573,3.02102233073437,2.99474712931538,2.96602247201649,2.93729031507005,2.93015925736888,2.89435688963486,2.83966010377931,2.83517457968806,2.84354457485296,2.80390393439601,2.71847231803133,2.68299781796922,2.68480186138776,2.70788250761242,2.72524097063889,2.69675179524869,2.69123978261516,2.71077284780816,2.67249538803955,2.62269500936104,2.6036241976442
Ethiopia,ETH,"Population, total",SP.POP.TOTL,47609755.0,49717198.0,51853747.0,53708891.0,55611508.0,57537335.0,59467635.0,61404539.0,63363524.0,65374561.0,67411494.0,69487762.0,71635517.0,73832663.0,76077206.0,78367470.0,80703490.0,83103217.0,85543668.0,88007636.0,90538514.0,93149970.0,95798767.0,98438751.0,101115610.0,103867135.0,106718162.0,109666481.0,112664152.0,115737383.0,118917671.0,122138588.0,125384287.0,128691692.0
Ethiopia,ETH,Urban population (% of total population),SP.URB.TOTL.IN.ZS,12.7641346261628,13.0289528923177,13.2797353575599,13.5107604305191,13.7172676452417,13.8825578689575,14.102746963501,14.3073453903198,14.5135431289673,14.713321685791,14.9193096160889,15.1177673339844,15.333233833313,15.5438537597656,15.7585906982422,15.982967376709,16.2148475646973,16.0948330261902,16.7936706542969,17.1511001586914,17.4937839508057,17.863790512085,18.2061367034912,18.615514755249,19.0262870788574,19.451566696167,19.8763618469238,20.3084850311279,20.7838096618652,21.2486705780029,21.6260051727295,22.1067085266113,22.7367687225342,23.0586471557617
Ghana,GHA,Age dependency ratio (% of working-age population),SP.POP.DPND,91.85526739841283,91.64807442029398,91.27755881084212,90.53518048706982,89.52144279601283,88.61026713490905,87.88016468726393,86.84560477458771,85.51454625609873,84.26895799446208,83.1799875094507,82.03178987896963,80.8269838475642,79.71652715384133,78.67727178839564,77.7192578163005,76.84252368401198,75.97297006209892,75.13077603324676,74.39787972858012,73.87642029244277,73.54861446228644,73.29017348743866,73.03647545911429,72.73305350195164,72.31164507151793,71.73132577257255,71.0007408539075,70.22201277387957,69.4561926050096,68.61462280580368,67.73640843449598,66.91880695368808,66.14258125876678
Ghana,GHA,"Fertility rate, total (births per woman)",SP.DYN.TFRT.IN,5.737,5.63,5.517,5.414,5.254,5.106,4.959,4.884,4.829,4.822,4.827,4.768,4.687,4.597,4.504,4.496,4.399,4.288,4.217,4.179,4.181,4.177,4.154,4.114,4.029,3.982,3.873,3.715,3.65,3.593,3.541,3.492,3.434,3.397
Ghana,GHA,Population density (people per sq. km of land area),EN.POP.DNST,67.65688670123934,69.38338753625736,71.1297134569746,72.90814362309924,74.68220972136767,76.46575107673377,78.27274764876505,80.15715039114002,82.13077261140899,84.16042893557177,86.301692010196,88.63087369253758,91.10217104684892,93.5954337698866,96.1074887931792,98.6615012745012,101.26000703173068,103.90383668805484,106.5744308692977,109.26722334534588,111.95831502153467,114.6835193812077,117.4926078931177,120.35770853476312,123.23807682165771,126.1143886789136,129.0179397029094,131.8816647622396,134.6470290937857,137.38202810141826,140.147712389575,142.91845578443565,145.68942527018058,148.49676310689
Ghana,GHA,Population growth (annual %),SP.POP.GROW,2.55156185640349,2.51983177629257,2.48576941139296,2.46951819870346,2.40415651514833,2.36010348077285,2.33565497080505,2.37895957415826,2.43236771924415,2.44120807599366,2.51243583964957,2.6631054412646,2.75013769977312,2.69999623325849,2.64856422445373,2.62275723095941,2.59967236461776,2.57742881770877,2.5377798286274,2.49528498609835,2.43301424000427,2.40497145453178,2.4199090803465,2.40927930949909,2.36498553072391,2.30712733064921,2.27621203911157,2.19535792776401,2.07517136640112,2.00780519953703,1.99181985149439,1.95904584379494,1.92029034344132,1.90860289687983
Ghana,GHA,"Population, total",SP.POP.TOTL,15394648.0,15787496.0,16184855.0,16589519.0,16993190.0,17399017.0,17810181.0,18238958.0,18688036.0,19149864.0,19637087.0,20167069.0,20729388.0,21296705.0,21868298.0,22449438.0,23040702.0,23642279.0,24249946.0,24862664.0,25474995.0,26095088.0,26734268.0,27386193.0,28041592.0,28696068.0,29356742.0,30008354.0,30637585.0,31258945.0,31887809.0,32518665.0,33149152.0,33787914.0
Ghana,GHA,Urban population (% of total population),SP.URB.TOTL.IN.ZS,35.7432148671435,36.5466714503918,37.3800591655132,38.233449206358,39.0969127667762,39.960521040618,40.8143452217336,41.6484565039731,42.4529260811866,43.2178251472243,43.9373786640616,44.6410507317701,45.3484692124806,46.0547973581418,46.7572004525685,47.4528437795757,48.1388926229785,48.8125122665918,49.4708679942306,50.1111250897099,50.7296926788704,51.3304086646488,51.9197918381031,52.4985794475913,53.0663398797148,53.6226415210752,54.167052758274,54.6991419779128,55.218477566593,55.7246279109161,56.2171613974837,56.6952556826536,57.250609602871,57.8074737774654
Kenya,KEN,Age dependency ratio (% of working-age population),SP.POP.DPND,105.5641449288376,104.48635701974574,103.38789356862776,102.18950174512612,100.91159965140378,99.66540232744995,98.50250961017252,97.32539100620772,96.16824177701672,94.87556330802973,93.443539036463,91.94716810101664,90.52932312001396,89.25894521284377,88.05968055031263,87.04866940989858,86.23728746842447,85.63220104550636,85.14106337338958,84.67126948418814,84.22010543864384,83.69550848735176,83.01057065561183,82.1267476397034,81.12149993646197,79.99241248412021,78.63644141122522,77.16038261898507,75.7364230190387,74.26394056675264,72.63223810076862,70.95791674270538,69.30547895111884,67.6739373442667
Kenya,KEN,"Fertility rate, total (births per woman)",SP.DYN.TFRT.IN,6.135,5.94,5.74,5.569,5.438,5.372,5.307,5.268,5.244,5.177,5.136,5.094,5.027,4.937,4.861,4.801,4.754,4.718,4.66,4.567,4.446,4.284,4.116,3.955,3.843,3.766,3.689,3.609,3.536,3.433,3.364,3.312,3.262,3.208
Kenya,KEN,Population density (people per sq. km of land area),EN.POP.DNST,40.22323329936396,41.547798432723056,42.840882735355095,44.13182696700285,45.43193238921882,46.74025898724391,48.04478862845697,49.37584425624627,50.75738306919212,52.242695997469866,53.84068946129248,55.556049478160034,57.33177776996872,59.12819868573637,60.99282250412904,62.89574445654848,64.84170502863971,66.83126998629511,68.88700671188109,70.99991390519028,73.09021857539446,75.12819517166251,77.11336929402256,79.04345328038795,80.9140808939804,82.45290087367965,84.00577713614521,85.56011945221994,87.01944938698104,88.44538949881266,89.8940686683206,91.61875945016176,93.39761494831173,95.26813712317062
Kenya,KEN,Population growth (annual %),SP.POP.GROW,3.44045635367696,3.23997624716531,3.06483168454324,2.96883713169678,2.903399231403,2.83906557159965,2.75278021555245,2.73276496655617,2.75957646009425,2.88430050146184,3.01293994477925,3.13629206541925,3.14626442047843,3.08528898836117,3.10482476419105,3.07223123352542,3.04704867411558,3.02220921188685,3.02964938264436,3.0211086032266,2.90158845467743,2.75013743696978,2.6080744180495,2.47210752389349,2.33901192230694,2.2270329432256,2.20775684612709,2.17412854990493,2.03083744189606,1.96381549826771,1.96197633664853,1.90040858948898,1.92297608206469,1.98296028478422
Kenya,KEN,"Population, total",SP.POP.TOTL,22892651.0,23646514.0,24382460.0,25117188.0,25857130.0,26601751.0,27344211.0,28101768.0,28888057.0,29733408.0,30642890.0,31619170.0,32629808.0,33652223.0,34713455.0,35796484.0,36904008.0,38036349.0,39206351.0,40408891.0,41598567.0,42758461.0,43888303.0,44986791.0,46051440.0,47088526.0,48139687.0,49197766.0,50207107.0,51202827.0,52217334.0,53219166.0,54252461.0,55339003.0
Kenya,KEN,Urban population (% of total population),SP.URB.TOTL.IN.ZS,18.1962956954221,18.2983212940893,18.3803510644475,18.4500145151536,18.5149411548647,18.5827604922377,18.6611020359295,18.7575952945971,18.8798697768976,19.0288523643308,19.4553832211834,20.4416297068833,21.8586568137501,23.563889811899,25.4147539714454,27.2686745625048,28.9830768551925,30.4153861196239,31.4230276259143,31.8603086707305,31.8713287706458,31.8673949025409,31.8558130142761,31.8324454433988,31.7931545274563,31.7338026039958,31.6502520105647,31.5383650847102,31.3940041639796,31.1895566421135,31.2063494632616,31.2879334021971,31.4307820066946,31.6330340816429
Nigeria,NGA,Age dependency ratio (% of working-age population),SP.POP.DPND,94.05475217014762,93.4621238269268,92.775318527314,91.97546480587566,91.17190853727688,90.45466275704982,89.83531431301796,89.23089445278178,88.60824123069771,88.10938852017915,87.88035376527291,87.86609902321707,87.98875661734294,88.20164666134518,88.43230642700271,88.70136026824989,89.03703310327414,89.37174790652259,89.70108506556107,90.01512867819001,90.2349884259357,90.34938991255824,90.37799633185472,90.29727500192244,90.092940117399,89.72062636821482,89.0622854601106,88.12557568985011,87.05628285199349,85.87943186347816,84.52583731170375,83.1000083234404,81.68728785356599,80.24640634021274
Nigeria,NGA,"Fertility rate, total (births per woman)",SP.DYN.TFRT.IN,6.459,6.426,6.391,6.354,6.319,6.273,6.217,6.138,6.069,6.082,6.124,6.128,6.116,6.1,6.09,6.063,6.053,6.027,6.024,5.993,5.948,5.893,5.797,5.694,5.622,5.503,5.343,5.182,5.021,4.861,4.7,4.636,4.552,4.482
Nigeria,NGA,Population density (people per sq. km of land area),EN.POP.DNST,106.63606069589468,109.48995026186633,112.4024396938854,115.42109314096864,118.51039669730008,121.67663405689692,124.89956739901402,128.19349780954576,131.58783666567848,135.10251764990065,138.76444546921834,142.58549908319335,146.5485127968642,150.6446676987604,154.87669224941533,159.22488992830242,163.6827453693029,168.28316808854046,173.0349199029393,177.92578148160348,182.9692304313932,188.17000779560152,193.46336067283727,198.7872272911932,204.10961603917565,209.3523919321014,214.59171909483183,219.87392975174853,225.01702405656752,230.00937777924173,234.96182460994544,239.9390471798588,245.0134457656708,250.20910328623037
Nigeria,NGA,Population growth (annual %),SP.POP.GROW,2.70288804324942,2.64110316371064,2.62528760714312,2.65014775362862,2.64135723468862,2.63662927453146,2.61429682326517,2.60308705392213,2.61337639810203,2.63592921799734,2.67439784501828,2.7163954653619,2.74147056608815,2.75673506428828,2.77053967849452,2.76883385211034,2.76124698861505,2.77180099910734,2.78453384410814,2.78730820935027,2.795149361277,2.80278519998649,2.77422930277333,2.71468991073627,2.64221399374699,2.53617348598208,2.47183239057048,2.43170936923065,2.31217263003389,2.1944019229433,2.13029714344341,2.09618685225463,2.09281687128387,2.09838916935738
Nigeria,NGA,"Population, total",SP.POP.TOTL,97120925.0,99720162.0,102372770.0,105122069.0,107935714.0,110819428.0,113754779.0,116754792.0,119846254.0,123047320.0,126382494.0,129862595.0,133471989.0,137202644.0,141057045.0,145017253.0,149077334.0,153267261.0,157595014.0,162049464.0,166642886.0,171379598.0,176200625.0,181049443.0,185896915.0,190671878.0,195443700.0,200254579.0,204938755.0,209485641.0,213996181.0,218529286.0,223150896.0,227882945.0
Nigeria,NGA,Urban population (% of total population),SP.URB.TOTL.IN.ZS,35.1866181650421,35.9657628204929,36.7456434131176,37.5335756091442,38.3306573470114,39.1364103583649,39.9503563748504,40.7720171281134,41.6009143497997,42.4365697715547,43.2785051250243,44.1262421418539,44.9793025536893,45.8372080921761,46.6994804889599,47.5656414756863,48.424271994461,49.2357987173198,50.0505212312351,50.86453484762,51.6778188255446,52.490352424079,53.302114902293,54.1130855192568,54.9232435340404,55.7325682057138,56.541038793347,57.3486345560101,58.1553347527729,58.9611186427056,59.7659654848781,60.5698545383604,61.3727650622225,62.1746763155343
South Africa,ZAF,Age dependency ratio (% of working-age population),SP.POP.DPND,71.48221886408952,70.85162085667002,71.10256125894632,70.19668206307495,70.18072537274678,71.47356173194727,72.02791713445065,71.62318064765233,69.8400738297717,67.81846359760631,65.70270522873153,63.54386091461931,61.40677841449417,59.45525216352101,57.85877214828216,56.65103797463546,55.68531127906399,54.847791051060746,54.19906046288558,53.6669938632738,53.023518309656566,52.36100428903416,51.86550723537668,51.460030273286414,51.13901159501532,50.77981422384844,51.05895769611707,51.266788538862464,50.67742758444959,50.09433936600157,49.49614178864999,48.9162852048925,48.55046604431532,48.36793446952144
South Africa,ZAF,"Fertility rate, total (births per woman)",SP.DYN.TFRT.IN,3.724,3.618,3.479,3.372,3.258,3.172,2.991,2.734,2.63,2.559,2.413,2.373,2.324,2.358,2.436,2.512,2.548,2.545,2.679,2.501,2.445,2.436,2.447,2.428,2.424,2.359,2.261,2.283,2.27,2.264,2.257,2.248,2.227,2.216
South Africa,ZAF,Population density (people per sq. km of land area),EN.POP.DNST,33.58882523143377,34.365049584119895,34.98793082129108,35.691627166986784,36.2744223429424,36.71743563956508,37.19676033929881,37.64505354095739,38.104246181239645,38.52173787600261,38.875696774353095,39.211270392139085,39.58437955963696,39.98083241968856,40.38564409895391,40.796670486113975,41.21563692718595,41.65279080694755,42.13586708323373,42.64194412615717,43.14935495305377,43.68612798720623,44.335182880083096,45.07397719872392,45.82911243188881,46.75954545829246,47.20140385297052,47.51103545491266,48.31710837613038,49.12074536926362,49.924062518032464,50.69912619838594,51.42108994386237,52.10856902620581
South Africa,ZAF,Population growth (annual %),SP.POP.GROW,2.78138037228425,2.28466181858316,1.79631209038171,1.99129597975592,1.61967461179144,1.21388535311637,1.29699420436442,1.19798957270412,1.2124158688717,1.08969778624124,0.914659168313889,0.859492168208101,0.947036940076663,0.996556488051653,1.00742279739678,1.01260946155511,1.02172490694402,1.05506511201209,1.15309551684298,1.19390450655684,1.1829095702162,1.23631458705301,1.47479434391075,1.65265199501405,1.66144540694123,2.00988840160514,0.940521897823675,0.653837462693277,1.68236992028419,1.64957495527878,1.62216431400652,1.54055743832642,1.41397227960081,1.32810094082844
South Africa,ZAF,"Population, total",SP.POP.TOTL,40746268.0,41687898.0,42443509.0,43297156.0,44004139.0,44541554.0,45123018.0,45666838.0,46223880.0,46730335.0,47159719.0,47566800.0,48019415.0,48500348.0,48991421.0,49490033.0,49998277.0,50528584.0,51114599.0,51728516.0,52344051.0,52995205.0,53782567.0,54678791.0,55594838.0,56723537.0,57259551.0,57635162.0,58613001.0,59587885.0,60562381.0,61502603.0,62378410.0,63212384.0
South Africa,ZAF,Urban population (% of total population),SP.URB.TOTL.IN.ZS,51.9679908313922,52.4000015258789,52.6805094926402,52.893505042748,53.0838026074521,53.2962166180026,53.5749191516739,54.0040163031993,54.6562438276427,55.4408521794673,56.2589954883628,57.0014339378269,57.6723587528482,58.3724341232066,59.0977390950102,59.8241758378997,60.5276465215157,61.1840533154988,61.7692983894896,62.2592839131287,62.6299120560569,62.850627754452,62.9616560303263,63.0524024097034,63.1352327065742,63.2096349937231,63.2750973439347,63.3311078299936,63.3771545246841,63.4127255007908,63.4373088310982,63.4503925883909,63.4766699210327,63.5823705163545
